RANGO DIST,RENOVACIÒ,TIPO DE RI,BLOQUE COS,mean,DISTANCIAM,CICLO,FECHA CORT,TIPO COSEC,AREA CAÑA,FINCA,TCH 23-24,EDAD COSEC,FECHA CO_1,VARIEDAD,Name,ESTIMADO 2,TIPO DE SU,OBJECTID,FECHA COSE,UBICACIÒN,Area Calc,EDAD HOY,DISTRITO,fid,ESTATUS,TIPO DE CO,SEMAN COSE,SEMANA COS,LOTE_ID
<10,,SEMIFIJO,RAL BLOQ1,0.16539440996384128,1.6,R-5,12/19/2023,MANUAL,4.38,RANCHO ALEGRE,130.13,12.07,12/19/2023,CP73-1547,RAL001,125,FARC,536,12/15/2024,CENTRO,4.381,252,D32,355,Comercial,COSECHA MECANICA,3,3,RAL001
<10,,SEMIFIJO,RAL BLOQ1,0.1952135526734748,1.5,R-2,12/21/2023,COSECHA MECANICA,6.14,RANCHO ALEGRE,105.39,12,12/21/2023,CP73-1547,RAL002,107,FARC,537,12/15/2024,CENTRO,6.141,250,D32,356,Comercial,COSECHA MECANICA,3,3,RAL002
<10,,SEMIFIJO,RAL BLOQ1,0.19701025048387807,1.6,R-4,12/20/2023,COSECHA MECANICA,7.09,RANCHO ALEGRE,134.18,12.03,12/20/2023,CP72-2086,RAL003,120,FARC,538,12/15/2024,CENTRO,7.093,251,D32,357,Comercial,COSECHA MECANICA,3,3,RAL003
<10,,SEMIFIJO,RAL BLOQ1,0.5235422825513498,1.6,R-4,12/18/2023,COSECHA MECANICA,13.37,RANCHO ALEGRE,122.43,12.1,12/18/2023,CP72-2086,RAL004,120,FARC,539,12/15/2024,CENTRO,7.263,253,D32,358,Comercial,MANUAL,3,3,RAL004
<10,,SEMIFIJO,RAL BLOQ1,0.5833950659955452,1.6,R-4,12/18/2023,COSECHA MECANICA,13.37,RANCHO ALEGRE,122.43,12.1,12/18/2023,CP72-2086,RAL004,120,FARC,540,12/15/2024,CENTRO,6.116,253,D32,359,Comercial,MANUAL,3,3,RAL004
<10,,SEMIFIJO,RAL BLOQ2,0.43532944074862157,1.6,R1,12/07/2023,COSECHA MECANICA,10.82,RANCHO ALEGRE,114.88,12.23,12/07/2023,CP72-2086,RAL005,115,ARC,541,12/08/2024,CENTRO,7.358,264,D32,360,Comercial,MANUAL,1,2,RAL005
<10,,SEMIFIJO,RAL BLOQ2,0.41663473275014934,1.6,R1,12/07/2023,COSECHA MECANICA,10.82,RANCHO ALEGRE,114.88,12.23,12/07/2023,CP72-2086,RAL005,115,ARC,542,12/08/2024,CENTRO,3.473,264,D32,361,Comercial,MANUAL,1,2,RAL005
<10,,SEMIFIJO,RAL BLOQ2,0.15177122379039215,1.6,R1,12/07/2023,COSECHA MECANICA,7.37,RANCHO ALEGRE,114.36,12.23,12/07/2023,CP72-2086,RAL006,115,FARC,543,12/08/2024,CENTRO,7.371,264,D32,362,Comercial,MANUAL,1,2,RAL006
<10,,SEMIFIJO,RAL BLOQ2,0.13348746465277045,1.6,R1,12/06/2023,COSECHA MECANICA,6.82,RANCHO ALEGRE,115.79,12.27,12/06/2023,CP72-2086,RAL007,115,FARC,544,12/08/2024,CENTRO,6.823,265,D32,363,Comercial,COSECHA MECANICA,1,2,RAL007
<10,,SEMIFIJO,RAL BLOQ2,0.17426023862473475,1.5,R1,12/23/2023,COSECHA MECANICA,7.45,RANCHO ALEGRE,128.16,11.93,12/23/2023,CP73-1547,RAL008,125,FARC,545,12/15/2024,CENTRO,7.455,248,D32,364,Comercial,COSECHA MECANICA,4,3,RAL008
<10,,SEMIFIJO,RAL BLOQ3,0.25618894609916193,1.5,R1,12/10/2023,COSECHA MECANICA,9.55,RANCHO ALEGRE,108.34,12.13,12/10/2023,CP73-1547,RAL009,105,FARC,546,12/08/2024,CENTRO,9.557,261,D32,365,Comercial,COSECHA MECANICA,1,2,RAL009
<10,,SEMIFIJO,RAL BLOQ3,0.18632469088421186,1.6,R1,12/13/2023,COSECHA MECANICA,6.92,RANCHO ALEGRE,130.73,12.03,12/13/2023,CP72-2086,RAL010,125,FARC,547,12/08/2024,CENTRO,6.925,258,D32,366,Comercial,COSECHA MECANICA,2,2,RAL010
<10,,SEMIFIJO,RAL BLOQ3,0.14411134149715882,1.6,R1,12/14/2023,COSECHA MECANICA,7.4,RANCHO ALEGRE,115.83,12.23,12/14/2023,CP72-2086,RAL011,110,FARC,548,12/15/2024,CENTRO,7.403,257,D32,367,Comercial,MANUAL,2,3,RAL011
<10,,SEMIFIJO,RAL BLOQ3,0.14179688648386016,1.8,R1,12/07/2023,COSECHA MECANICA,10.01,RANCHO ALEGRE,111.51,12.23,12/07/2023,CP72-2086,RAL012,115,ARC,549,12/08/2024,CENTRO,10.016,264,D32,368,Comercial,MANUAL,2,2,RAL012
<10,,SEMIFIJO,RAL BLOQ4,0.1647159687097767,1.6,R1,12/12/2023,COSECHA MECANICA,9.03,RANCHO ALEGRE,93,12.07,12/12/2023,CP72-2086,RAL013,95,FARC,550,12/08/2024,CENTRO,1.821,259,D32,369,Comercial,COSECHA MECANICA,2,2,RAL013
<10,,SEMIFIJO,RAL BLOQ4,0.15025114247852367,1.6,R1,12/12/2023,COSECHA MECANICA,9.03,RANCHO ALEGRE,93,12.07,12/12/2023,CP72-2086,RAL013,95,FARC,551,12/08/2024,CENTRO,7.22,259,D32,370,Comercial,COSECHA MECANICA,2,2,RAL013
<10,,SEMIFIJO,RAL BLOQ4,0.17048667088535854,1.5,R1,12/12/2023,COSECHA MECANICA,7.38,RANCHO ALEGRE,108.1,12.07,12/12/2023,CP72-2086,RAL014,110,FARC,552,12/08/2024,CENTRO,7.383,259,D32,371,Comercial,COSECHA MECANICA,2,2,RAL014
<10,,SEMIFIJO,RAL BLOQ4,0.17213228888670273,1.6,R1,12/15/2023,COSECHA MECANICA,6.85,RANCHO ALEGRE,133.33,12.2,12/15/2023,CP72-2086,RAL015,128,FARC,553,12/15/2024,CENTRO,6.856,256,D32,372,Comercial,MANUAL,2,3,RAL015
<10,,SEMIFIJO,RAL BLOQ4,0.1556328130378021,1.6,R1,12/15/2023,COSECHA MECANICA,11.2,RANCHO ALEGRE,112.61,12.2,12/15/2023,CG02-163,RAL016,110,FARC,554,12/15/2024,CENTRO,9.914,256,D32,373,Comercial,COSECHA MECANICA,2,3,RAL016
<10,,SEMIFIJO,RAL BLOQ4,0.16615111251568224,1.6,R1,12/15/2023,COSECHA MECANICA,11.2,RANCHO ALEGRE,112.61,12.2,12/15/2023,CG02-163,RAL016,110,FARC,555,12/15/2024,CENTRO,1.299,256,D32,374,Comercial,COSECHA MECANICA,2,3,RAL016
<10,,SEMIFIJO,RAL BLOQ5,0.1435744762294115,1.5,R1,12/07/2023,COSECHA MECANICA,13.6,RANCHO ALEGRE,106.2,12.23,12/07/2023,CP73-1547,RAL017,115,FARC,556,12/08/2024,CENTRO,4.774,264,D32,375,Comercial,MANUAL,2,2,RAL017
<10,,SEMIFIJO,RAL BLOQ5,0.15199274053814724,1.5,R1,12/07/2023,COSECHA MECANICA,13.6,RANCHO ALEGRE,106.2,12.23,12/07/2023,CP73-1547,RAL017,115,FARC,557,12/08/2024,CENTRO,8.839,264,D32,376,Comercial,MANUAL,2,2,RAL017
<10,,SEMIFIJO,RAL BLOQ18,0.5317606229772975,n/a,R1,04/12/2024,MANUAL,7.46,RANCHO ALEGRE,49.34,8.93,04/12/2024,CP73-1547,RAL019,100,FARC,558,01/05/2025,CENTRO,7.469,137,D32,377,Comercial,MANUAL,1,6,RAL019
<10,,SEMIFIJO,RAL BLOQ5,0.16473794396318378,1.6,R1,12/17/2023,COSECHA MECANICA,8.31,RANCHO ALEGRE,92.41,12.13,12/17/2023,CP72-2086,RAL020,90,ARC,559,12/15/2024,CENTRO,1.078,254,D32,378,Comercial,MANUAL,3,3,RAL020
<10,,SEMIFIJO,RAL BLOQ5,0.15316039566447298,1.6,R1,12/17/2023,COSECHA MECANICA,8.31,RANCHO ALEGRE,92.41,12.13,12/17/2023,CP72-2086,RAL020,90,ARC,560,12/15/2024,CENTRO,7.239,254,D32,379,Comercial,MANUAL,3,3,RAL020
<10,,SEMIFIJO,RAL BLOQ6,0.47778075434845285,1.8,R1,12/16/2023,COSECHA MECANICA,7.76,RANCHO ALEGRE,97.92,12.17,12/16/2023,CG02-163,RAL021,95,ARC,561,12/15/2024,CENTRO,7.767,255,D32,380,Comercial,COSECHA MECANICA,3,3,RAL021
<10,,SEMIFIJO,RAL BLOQ6,0.17218901016941868,1.5,R1,12/18/2023,COSECHA MECANICA,7.53,RANCHO ALEGRE,91.14,12.1,12/18/2023,CP73-1547,RAL022,90,ARC,562,12/15/2024,CENTRO,7.535,253,D32,381,Comercial,MANUAL,3,3,RAL022
<10,,SEMIFIJO,RAL BLOQ6,0.23251345247769747,1.5,R1,12/20/2023,COSECHA MECANICA,6.95,RANCHO ALEGRE,110.97,12.03,12/20/2023,CP72-2086,RAL023,110,ARC,563,12/15/2024,CENTRO,6.96,251,D32,382,Comercial,COSECHA MECANICA,3,3,RAL023
<10,,SEMIFIJO,RAL BLOQ6,0.15137303181186193,1.6,R1,12/17/2023,MANUAL,8.41,RANCHO ALEGRE,94.15,12.13,12/17/2023,CP72-2086,RAL024,90,FARC,564,12/15/2024,CENTRO,8.417,254,D32,383,Comercial,MANUAL,2,3,RAL024
<10,,SEMIFIJO,RAL BLOQ6,0.4843696705750365,1.5,R1,01/07/2024,COSECHA MECANICA,6.99,RANCHO ALEGRE,121.03,11.9,01/07/2024,CP73-1547,RAL025,117,FARC,565,12/29/2024,CENTRO,6.997,233,D32,384,Comercial,COSECHA MECANICA,6,5,RAL025
<10,,SEMIFIJO,RAL BLOQ18,0.5377355669055729,1.5,R1,01/05/2024,COSECHA MECANICA,8.83,RANCHO ALEGRE,75.4,11.97,01/05/2024,CP89-2143,RAL026,92,ARC,566,12/29/2024,CENTRO,8.836,235,D32,385,Comercial,COSECHA MECANICA,7,5,RAL026
<10,,SEMIFIJO,RAL BLOQ7,0.47868314723210736,1.6,R1,12/22/2023,COSECHA MECANICA,8.17,RANCHO ALEGRE,89.71,11.97,12/22/2023,CP72-2086,RAL027,90,ARC,567,12/15/2024,CENTRO,6.96,249,D32,386,Comercial,COSECHA MECANICA,4,3,RAL027
<10,,SEMIFIJO,RAL BLOQ7,0.4923291989537057,1.6,R1,12/22/2023,COSECHA MECANICA,8.17,RANCHO ALEGRE,89.71,11.97,12/22/2023,CP72-2086,RAL027,90,ARC,568,12/15/2024,CENTRO,1.213,249,D32,387,Comercial,COSECHA MECANICA,4,3,RAL027
<10,,SEMIFIJO,RAL BLOQ7,0.5017716660643897,1.5,R1,12/15/2023,COSECHA MECANICA,6.79,RANCHO ALEGRE,122.75,12.2,12/15/2023,CP73-1547,RAL028,120,FARC,569,12/15/2024,CENTRO,1.718,256,D32,388,Comercial,COSECHA MECANICA,4,3,RAL028
<10,,SEMIFIJO,RAL BLOQ7,0.40620773504963975,1.5,R1,12/15/2023,COSECHA MECANICA,6.79,RANCHO ALEGRE,122.75,12.2,12/15/2023,CP73-1547,RAL028,120,FARC,570,12/15/2024,CENTRO,5.082,256,D32,389,Comercial,COSECHA MECANICA,4,3,RAL028
<10,,SEMIFIJO,RAL BLOQ7,0.5837404651208692,1.6,R1,12/19/2023,COSECHA MECANICA,7.39,RANCHO ALEGRE,118.47,12.07,12/19/2023,CG02-163,RAL029,115,ARC,571,12/15/2024,CENTRO,7.391,252,D32,390,Comercial,COSECHA MECANICA,4,3,RAL029
<10,,SEMIFIJO,RAL BLOQ7,0.5222958238275474,1.5,R1,12/19/2023,COSECHA MECANICA,7.03,RANCHO ALEGRE,99.51,12.07,12/19/2023,CP73-1547,RAL030,100,ARC,572,12/15/2024,CENTRO,7.038,252,D32,391,Comercial,COSECHA MECANICA,3,3,RAL030
<10,,SEMIFIJO,RAL BLOQ7,0.6976011984580831,1.5,R1,12/31/2023,MANUAL,6.41,RANCHO ALEGRE,126.3,11.9,12/31/2023,CG00-102,RAL031,125,ARC,573,12/22/2024,CENTRO,6.143,240,D32,392,Comercial,MANUAL,3,4,RAL031
<10,,SEMIFIJO,RAL BLOQ7,0.5687101489561969,1.5,R1,12/31/2023,MANUAL,6.41,RANCHO ALEGRE,126.3,11.9,12/31/2023,CG00-102,RAL031,125,ARC,574,12/22/2024,CENTRO,0.275,240,D32,393,Comercial,MANUAL,3,4,RAL031
<10,,SEMIFIJO,RAL BLOQ8,0.2564002386407183,1.5,R1,12/20/2023,COSECHA MECANICA,7.45,RANCHO ALEGRE,82.28,12.03,12/20/2023,CP72-2086,RAL032,80,ARC,575,12/15/2024,CENTRO,1.349,251,D32,394,Comercial,COSECHA MECANICA,3,3,RAL032
<10,,SEMIFIJO,RAL BLOQ8,0.2207747763086956,1.5,R1,12/20/2023,COSECHA MECANICA,7.45,RANCHO ALEGRE,82.28,12.03,12/20/2023,CP72-2086,RAL032,80,ARC,576,12/15/2024,CENTRO,6.111,251,D32,395,Comercial,COSECHA MECANICA,3,3,RAL032
<10,,SEMIFIJO,RAL BLOQ8,0.4663916967484307,1.5,R1,12/28/2023,COSECHA MECANICA,6.87,RANCHO ALEGRE,94.83,11.77,12/28/2023,CP73-1547,RAL033,92,FARC,577,12/15/2024,CENTRO,6.875,243,D32,396,Comercial,COSECHA MECANICA,5,3,RAL033
<10,,SEMIFIJO,RAL BLOQ8,0.501405870103157,1.6,R1,12/27/2023,COSECHA MECANICA,8.07,RANCHO ALEGRE,98.05,11.8,12/27/2023,CG02-163,RAL034,95,ARC,578,12/15/2024,CENTRO,0.304,244,D32,397,Comercial,COSECHA MECANICA,2,3,RAL034
<10,,SEMIFIJO,RAL BLOQ8,0.5700636885024731,1.6,R1,12/27/2023,COSECHA MECANICA,8.07,RANCHO ALEGRE,98.05,11.8,12/27/2023,CG02-163,RAL034,95,ARC,579,12/15/2024,CENTRO,7.776,244,D32,398,Comercial,COSECHA MECANICA,2,3,RAL034
<10,,SEMIFIJO,RAL BLOQ8,0.6556760076267197,1.5,R1,12/22/2023,COSECHA MECANICA,15.77,RANCHO ALEGRE,133.36,11.97,12/22/2023,CG00-102,RAL035,60,ARC,580,12/15/2024,CENTRO,6.28,249,D32,399,Semillero,COSECHA MECANICA,3,3,RAL035
<10,,SEMIFIJO,RAL BLOQ8,0.5328533592306703,1.5,R1,12/22/2023,COSECHA MECANICA,15.77,RANCHO ALEGRE,133.36,11.97,12/22/2023,CG00-102,RAL035,60,ARC,581,12/15/2024,CENTRO,9.505,249,D32,400,Semillero,COSECHA MECANICA,3,3,RAL035
<10,,SEMIFIJO,RAL BLOQ9,0.4610928563313946,1.5,R1,12/22/2023,COSECHA MECANICA,8.25,RANCHO ALEGRE,106.82,11.97,12/22/2023,CP73-1547,RAL036,105,ARC,582,12/15/2024,CENTRO,8.254,249,D32,401,Comercial,COSECHA MECANICA,3,3,RAL036
<10,,SEMIFIJO,RAL BLOQ9,0.2339475001222525,1.5,R1,12/23/2023,MANUAL,7.56,RANCHO ALEGRE,105.37,11.93,12/23/2023,CG00-102,RAL037,100,ARC,583,12/15/2024,CENTRO,1.349,248,D32,402,Comercial,COSECHA MECANICA,3,3,RAL037
<10,,SEMIFIJO,RAL BLOQ9,0.22149242598172142,1.5,R1,12/23/2023,MANUAL,7.56,RANCHO ALEGRE,105.37,11.93,12/23/2023,CG00-102,RAL037,100,ARC,584,12/15/2024,CENTRO,2.742,248,D32,403,Comercial,COSECHA MECANICA,3,3,RAL037
<10,,SEMIFIJO,RAL BLOQ9,0.1837455182007207,1.5,R1,12/23/2023,MANUAL,7.56,RANCHO ALEGRE,105.37,11.93,12/23/2023,CG00-102,RAL037,100,ARC,585,12/15/2024,CENTRO,3.474,248,D32,404,Comercial,COSECHA MECANICA,3,3,RAL037
<10,,SEMIFIJO,RAL BLOQ9,0.5297292152663029,1.6,R1,12/19/2023,COSECHA MECANICA,6.93,RANCHO ALEGRE,88.2,12.07,12/19/2023,CP72-2086,RAL038,85,FARC,586,12/15/2024,CENTRO,6.937,252,D32,405,Comercial,COSECHA MECANICA,3,3,RAL038
<10,,SEMIFIJO,RAL BLOQ9,0.46153123705210786,1.6,R1,12/21/2023,COSECHA MECANICA,7.48,RANCHO ALEGRE,79.25,12,12/21/2023,CP72-2086,RAL039,75,ARC,587,12/15/2024,CENTRO,3.375,250,D32,406,Comercial,COSECHA MECANICA,4,3,RAL039
<10,,SEMIFIJO,RAL BLOQ9,0.476848416341657,1.6,R1,12/21/2023,COSECHA MECANICA,7.48,RANCHO ALEGRE,79.25,12,12/21/2023,CP72-2086,RAL039,75,ARC,588,12/15/2024,CENTRO,4.108,250,D32,407,Comercial,COSECHA MECANICA,4,3,RAL039
<10,,SEMIFIJO,RAL BLOQ9,0.6223391635600269,1.5,R1,01/01/2024,MANUAL,3.14,RANCHO ALEGRE,94.39,11.63,01/01/2024,CP72-2086,RAL040,90,ARC,589,12/15/2024,CENTRO,2.449,239,D32,408,Comercial,MANUAL,4,3,RAL040
<10,SEMIFIJO - GOTEO,SEMIFIJO,RAL BLOQ10,0.768053903833429,1.6,R1,12/26/2023,MANUAL,6.23,RANCHO ALEGRE,100.47,11.37,12/26/2023,CG02-163,RAL041,100,ARC,590,12/01/2024,CENTRO,0.505,245,D32,409,Comercial,MANUAL,4,1,RAL041
<10,SEMIFIJO - GOTEO,SEMIFIJO,RAL BLOQ10,0.7539629723108329,1.6,R1,12/26/2023,MANUAL,6.23,RANCHO ALEGRE,100.47,11.37,12/26/2023,CG02-163,RAL041,100,ARC,591,12/01/2024,CENTRO,5.731,245,D32,410,Comercial,MANUAL,4,1,RAL041
<10,SEMIFIJO - GOTEO,SEMIFIJO,RAL BLOQ10,0.801990216914179,1.6,R1,12/21/2023,COSECHA MECANICA,7.58,RANCHO ALEGRE,73.03,11.53,12/21/2023,CP72-2086,RAL042,70,ARC,592,12/01/2024,CENTRO,4.933,250,D32,411,Comercial,COSECHA MECANICA,4,1,RAL042
<10,SEMIFIJO - GOTEO,SEMIFIJO,RAL BLOQ10,0.7984942521473882,1.6,R1,12/21/2023,COSECHA MECANICA,7.58,RANCHO ALEGRE,73.03,11.53,12/21/2023,CP72-2086,RAL042,70,ARC,593,12/01/2024,CENTRO,2.653,250,D32,412,Comercial,COSECHA MECANICA,4,1,RAL042
<10,SEMIFIJO - GOTEO,SEMIFIJO,RAL BLOQ10,0.6525857043301931,1.5,R1,12/27/2023,COSECHA MECANICA,6.88,RANCHO ALEGRE,85.49,11.33,12/27/2023,CP72-2086,RAL043,85,FARC,594,12/01/2024,CENTRO,6.884,244,D32,413,Comercial,COSECHA MECANICA,4,1,RAL043
<10,,SEMIFIJO,RAL BLOQ18,0.2803225166651694,1.5,R1,01/04/2024,COSECHA MECANICA,7.75,RANCHO ALEGRE,91.65,12,01/04/2024,CG02-163,RAL044,90,ARC,595,12/29/2024,CENTRO,5.814,236,D32,414,Comercial,COSECHA MECANICA,7,5,RAL044
<10,,SEMIFIJO,RAL BLOQ18,0.3168411923635916,1.5,R1,01/04/2024,COSECHA MECANICA,7.75,RANCHO ALEGRE,91.65,12,01/04/2024,CG02-163,RAL044,90,ARC,596,12/29/2024,CENTRO,1.946,236,D32,415,Comercial,COSECHA MECANICA,7,5,RAL044
<10,,SEMIFIJO,RAL BLOQ18,0.5311624838093927,1.5,R1,01/02/2024,COSECHA MECANICA,15.66,RANCHO ALEGRE,82.11,12.07,01/02/2024,CP73-1547,RAL045,87,ARC,597,12/29/2024,CENTRO,7.361,238,D32,416,Comercial,COSECHA MECANICA,7,5,RAL045
<10,,SEMIFIJO,RAL BLOQ18,0.5786451608555606,1.5,R1,01/02/2024,COSECHA MECANICA,15.66,RANCHO ALEGRE,82.11,12.07,01/02/2024,CP73-1547,RAL045,87,ARC,598,12/29/2024,CENTRO,8.31,238,D32,417,Comercial,COSECHA MECANICA,7,5,RAL045
<10,,SEMIFIJO,RAL BLOQ18,0.5985646867374708,1.5,R1,01/04/2024,COSECHA MECANICA,6.5,RANCHO ALEGRE,91.23,12,01/04/2024,CG02-163,RAL046,88,ARC,599,12/29/2024,CENTRO,6.51,236,D32,418,Comercial,COSECHA MECANICA,7,5,RAL046
<10,,SEMIFIJO,RAL BLOQ11,0.5573090521448946,1.5,R1,01/06/2024,MANUAL,7.48,RANCHO ALEGRE,101.19,11.93,01/06/2024,CP72-2086,RAL047,98,ARC,600,12/29/2024,CENTRO,5.438,234,D32,419,Comercial,COSECHA MECANICA,4,5,RAL047
<10,,SEMIFIJO,RAL BLOQ11,0.5313213644819369,1.5,R1,01/06/2024,MANUAL,7.48,RANCHO ALEGRE,101.19,11.93,01/06/2024,CP72-2086,RAL047,98,ARC,601,12/29/2024,CENTRO,2.052,234,D32,420,Comercial,COSECHA MECANICA,4,5,RAL047
<10,SEMIFIJO - GOTEO,SEMIFIJO,RAL BLOQ11,0.7536671789188136,1.6,R1,12/25/2023,COSECHA MECANICA,6.78,RANCHO ALEGRE,71.79,11.4,12/25/2023,CP72-2086,RAL048,70,ARC,602,12/01/2024,CENTRO,6.784,246,D32,421,Comercial,COSECHA MECANICA,4,1,RAL048
<10,SEMIFIJO - GOTEO,SEMIFIJO,RAL BLOQ11,0.8151574927826596,1.5,R1,12/26/2023,COSECHA MECANICA,7.5,RANCHO ALEGRE,76.18,11.37,12/26/2023,CP72-2086,RAL049,70,ARC,603,12/01/2024,CENTRO,0.561,245,D32,422,Comercial,COSECHA MECANICA,4,1,RAL049
<10,SEMIFIJO - GOTEO,SEMIFIJO,RAL BLOQ11,0.8264321764868695,1.5,R1,12/26/2023,COSECHA MECANICA,7.5,RANCHO ALEGRE,76.18,11.37,12/26/2023,CP72-2086,RAL049,70,ARC,604,12/01/2024,CENTRO,6.941,245,D32,423,Comercial,COSECHA MECANICA,4,1,RAL049
<10,SEMIFIJO - GOTEO,SEMIFIJO,RAL BLOQ11,0.7798108977898491,1.5,R1,12/26/2023,COSECHA MECANICA,6.81,RANCHO ALEGRE,92.3,11.37,12/26/2023,CP72-2086,RAL050,88,ARC,605,12/01/2024,CENTRO,5.354,245,D32,424,Comercial,COSECHA MECANICA,4,1,RAL050
<10,SEMIFIJO - GOTEO,SEMIFIJO,RAL BLOQ11,0.7192011612798389,1.5,R1,12/26/2023,COSECHA MECANICA,6.81,RANCHO ALEGRE,92.3,11.37,12/26/2023,CP72-2086,RAL050,88,ARC,606,12/01/2024,CENTRO,0.167,245,D32,425,Comercial,COSECHA MECANICA,4,1,RAL050
<10,SEMIFIJO - GOTEO,SEMIFIJO,RAL BLOQ11,0.7654569205609523,1.5,R1,12/26/2023,COSECHA MECANICA,6.81,RANCHO ALEGRE,92.3,11.37,12/26/2023,CP72-2086,RAL050,88,ARC,607,12/01/2024,CENTRO,1.291,245,D32,426,Comercial,COSECHA MECANICA,4,1,RAL050
<10,SEMIFIJO - GOTEO,SEMIFIJO,RAL BLOQ12,0.7611420923700435,1.6,R1,12/27/2023,COSECHA MECANICA,7.01,RANCHO ALEGRE,58.97,11.33,12/27/2023,CP72-2086,RAL051,50,FARC,608,12/01/2024,CENTRO,1.509,244,D32,427,Comercial,COSECHA MECANICA,4,1,RAL051
<10,SEMIFIJO - GOTEO,SEMIFIJO,RAL BLOQ12,0.7561554610286306,1.6,R1,12/27/2023,COSECHA MECANICA,7.01,RANCHO ALEGRE,58.97,11.33,12/27/2023,CP72-2086,RAL051,50,FARC,609,12/01/2024,CENTRO,2.15,244,D32,428,Comercial,COSECHA MECANICA,4,1,RAL051
<10,SEMIFIJO - GOTEO,SEMIFIJO,RAL BLOQ12,0.7565609563589317,1.6,R1,12/27/2023,COSECHA MECANICA,7.01,RANCHO ALEGRE,58.97,11.33,12/27/2023,CP72-2086,RAL051,50,FARC,610,12/01/2024,CENTRO,3.356,244,D32,429,Comercial,COSECHA MECANICA,4,1,RAL051
<10,SEMIFIJO - GOTEO,SEMIFIJO,RAL BLOQ12,0.7781496829825038,1.6,R1,12/25/2023,COSECHA MECANICA,6.62,RANCHO ALEGRE,81.21,11.4,12/25/2023,CP72-2086,RAL052,78,ARC,611,12/01/2024,CENTRO,7.628,246,D32,430,Comercial,COSECHA MECANICA,4,1,RAL052
<10,,SEMIFIJO,RAL BLOQ12,0.7568810782847952,1.6,R1,12/27/2023,COSECHA MECANICA,6.83,RANCHO ALEGRE,66.91,11.8,12/27/2023,CP72-2086,RAL053,60,ARC,612,12/15/2024,CENTRO,6.833,244,D32,431,Comercial,COSECHA MECANICA,4,3,RAL053
<10,,SEMIFIJO,RAL BLOQ12,0.5714648338162117,1.5,R1,12/31/2023,COSECHA MECANICA,7.47,RANCHO ALEGRE,94.6,11.9,12/31/2023,CP72-2086,RAL054,90,ARC,613,12/22/2024,CENTRO,3.601,240,D32,432,Comercial,COSECHA MECANICA,5,4,RAL054
<10,,SEMIFIJO,RAL BLOQ12,0.5821799975610762,1.5,R1,12/31/2023,COSECHA MECANICA,7.47,RANCHO ALEGRE,94.6,11.9,12/31/2023,CP72-2086,RAL054,90,ARC,614,12/22/2024,CENTRO,3.874,240,D32,433,Comercial,COSECHA MECANICA,5,4,RAL054
<10,,SEMIFIJO,RAL BLOQ17,0.6044238825865315,1.6,R1,12/29/2023,COSECHA MECANICA,8.16,RANCHO ALEGRE,77.55,11.97,12/29/2023,CP72-2086,RAL055,75,ARC,615,12/22/2024,CENTRO,5.126,242,D32,434,Comercial,COSECHA MECANICA,5,4,RAL055
<10,,SEMIFIJO,RAL BLOQ17,0.5934131438424822,1.6,R1,12/29/2023,COSECHA MECANICA,8.16,RANCHO ALEGRE,77.55,11.97,12/29/2023,CP72-2086,RAL055,75,ARC,616,12/22/2024,CENTRO,3.044,242,D32,435,Comercial,COSECHA MECANICA,5,4,RAL055
<10,,SEMIFIJO,RAL BLOQ17,0.5116098252991303,1.5,R1,01/03/2024,MANUAL,3.19,RANCHO ALEGRE,117.45,12.03,01/03/2024,CP73-1547,RAL056,115,ARC,617,12/29/2024,CENTRO,3.191,237,D32,436,Comercial,MANUAL,4,5,RAL056
<10,,SEMIFIJO,RAL BLOQ17,0.5147119978896293,1.5,R1,12/30/2023,COSECHA MECANICA,6.53,RANCHO ALEGRE,95.16,11.93,12/30/2023,CP73-1547,RAL057,92,ARC,618,12/22/2024,CENTRO,4.556,241,D32,437,Comercial,COSECHA MECANICA,5,4,RAL057
<10,,SEMIFIJO,RAL BLOQ17,0.5693407626475268,1.5,R1,12/30/2023,COSECHA MECANICA,6.53,RANCHO ALEGRE,95.16,11.93,12/30/2023,CP73-1547,RAL057,92,ARC,619,12/22/2024,CENTRO,1.983,241,D32,438,Comercial,COSECHA MECANICA,5,4,RAL057
<10,SEMIFIJO - GOTEO,SEMIFIJO,RAL BLOQ13,0.6797899481432325,1.5,R1,12/23/2023,COSECHA MECANICA,6.34,RANCHO ALEGRE,65.56,11.47,12/23/2023,CP73-1547,RAL058,63,ARC,620,12/01/2024,CENTRO,6.343,248,D32,439,Comercial,COSECHA MECANICA,4,1,RAL058
<10,SEMIFIJO - GOTEO,SEMIFIJO,RAL BLOQ13,0.7208297648339237,1.5,R1,12/23/2023,COSECHA MECANICA,7.56,RANCHO ALEGRE,84.13,11.47,12/23/2023,CP73-1547,RAL059,80,ARC,621,12/01/2024,CENTRO,7.561,248,D32,440,Comercial,COSECHA MECANICA,4,1,RAL059
<10,SEMIFIJO - GOTEO,SEMIFIJO,RAL BLOQ13,0.7431228448100902,1.6,R1,12/23/2023,COSECHA MECANICA,5.6,RANCHO ALEGRE,76.7,11.47,12/23/2023,CP72-2086,RAL060,70,FARC,622,12/01/2024,CENTRO,5.606,248,D32,441,Comercial,COSECHA MECANICA,4,1,RAL060
<10,SEMIFIJO - GOTEO,SEMIFIJO,RAL BLOQ14,0.6584140056574328,1.6,R1,12/24/2023,COSECHA MECANICA,5.05,RANCHO ALEGRE,73.69,11.43,12/24/2023,CP72-2086,RAL061,68,FARC,623,12/01/2024,CENTRO,5.049,247,D32,442,Comercial,COSECHA MECANICA,4,1,RAL061
<10,SEMIFIJO - GOTEO,SEMIFIJO,RAL BLOQ14,0.6797582001721065,1.6,R1,12/24/2023,COSECHA MECANICA,7.62,RANCHO ALEGRE,73.41,11.43,12/24/2023,CP72-2086,RAL062,68,FARC,624,12/01/2024,CENTRO,7.625,247,D32,443,Comercial,COSECHA MECANICA,4,1,RAL062
<10,SEMIFIJO - GOTEO,SEMIFIJO,RAL BLOQ14,0.7784439201387476,1.5,R1,12/24/2023,COSECHA MECANICA,9.76,RANCHO ALEGRE,69.22,11.43,12/24/2023,CP72-2086,RAL063,65,FLARC,625,12/01/2024,CENTRO,9.768,247,D32,444,Comercial,COSECHA MECANICA,4,1,RAL063
<10,,SEMIFIJO,RAL BLOQ17,0.5462746592321583,1.5,R1,01/05/2024,COSECHA MECANICA,8.41,RANCHO ALEGRE,88.1,11.97,01/05/2024,CP73-1547,RAL064,85,ARC,626,12/29/2024,CENTRO,6.265,235,D32,445,Comercial,COSECHA MECANICA,6,5,RAL064
<10,,SEMIFIJO,RAL BLOQ17,0.5602472001501444,1.5,R1,01/05/2024,COSECHA MECANICA,8.41,RANCHO ALEGRE,88.1,11.97,01/05/2024,CP73-1547,RAL064,85,ARC,627,12/29/2024,CENTRO,2.149,235,D32,446,Comercial,COSECHA MECANICA,6,5,RAL064
<10,,SEMIFIJO,RAL BLOQ17,0.5165383939175744,1.5,R1,01/11/2024,MANUAL,3.07,RANCHO ALEGRE,92.35,11.77,01/11/2024,CP72-2086,RAL065,85,ARC,628,12/29/2024,CENTRO,3.077,229,D32,447,Comercial,MANUAL,5,5,RAL065
<10,SEMIFIJO - GOTEO,ASPERSIÃ“N,RAL BLOQ18,0.5875739737914462,1.5,R1,01/10/2024,MANUAL,4.48,RANCHO ALEGRE,101.89,10.87,01/10/2024,CG02-163,RAL066,100,FLARC,629,12/01/2024,CENTRO,4.478,230,D32,448,Comercial,MANUAL,9,1,RAL066
<10,,SEMIFIJO,RAL BLOQ18,0.47643456006467555,1.5,R1,04/04/2024,MANUAL,6.96,RANCHO ALEGRE,61.79,9.2,04/04/2024,CP89-2143,RAL018,60,FARC,942,01/05/2025,CENTRO,6.84,145,D32,742,Semillero,MANUAL,17,6,RAL018
